,R,effover,param_00_UpperZoneTimeConstant,param_01_LowerZoneTimeConstant,param_02_GwPercValue,param_03_LZThreshold,param_04_b_Xinanjiang,param_05_PowerPrefFlow,param_06_SnowMeltCoef,param_07_CalChanMan1,param_08_CalChanMan2,param_09_LakeMultiplier,param_10_adjust_Normal_Flood,param_11_ReservoirRnormqMult
0,0.09683988756188178,0.09683988756188178,15.308971756217929,484.33631292368074,0.3462572908212519,19.489564815161643,0.7524690162618392,8.0,6.112191170926952,1.839534832782657,11.565971979438446,0.624250098703996,0.01,1.2448532831169847
